post_id,title,url,old_description,new_description
"3980","複数スタッフの整体院で担当者別予約を管理する方法","https://hairsp1.tocoluca.com/2026/08/28/%e8%a4%87%e6%95%b0%e3%82%b9%e3%82%bf%e3%83%83%e3%83%95%e3%81%ae%e6%95%b4%e4%bd%93%e9%99%a2%e3%81%a7%e6%8b%85%e5%bd%93%e8%80%85%e5%88%a5%e4%ba%88%e7%b4%84%e3%82%92%e7%ae%a1%e7%90%86%e3%81%99%e3%82%8b/","@media(min-width:700px){","スタッフが複数いる整体院では、店舗全体の予約表だけでは本当の空き状況が分かりにくくなります。この記事では「複数スタッフの整体院で担当者別予約を管理する方法」について、現場で実践しやすい考え方と設定のポイントを分かりやすく解説します。"
"3977","整体院の担当者指名予約をWeb化するメリット｜電話・LINE対応を減らす方法","https://hairsp1.tocoluca.com/2026/08/28/%e6%95%b4%e4%bd%93%e9%99%a2%e3%81%ae%e6%8b%85%e5%bd%93%e8%80%85%e6%8c%87%e5%90%8d%e4%ba%88%e7%b4%84%e3%82%92web%e5%8c%96%e3%81%99%e3%82%8b%e3%83%a1%e3%83%aa%e3%83%83%e3%83%88%ef%bd%9c%e9%9b%bb/","@media(min-width:700px){","複数スタッフがいる整体院では、「前回と同じ担当者でお願いします」という予約が入ることがあります。この記事では「整体院の担当者指名予約をWeb化するメリット｜電話・LINE対応を減らす方法」について、現場で実践しやすい考え方と設定のポイントを分かりやすく解説します。"
"3974","整体院のコース・メニュー管理を予約システムで効率化する方法","https://hairsp1.tocoluca.com/2026/08/28/%e6%95%b4%e4%bd%93%e9%99%a2%e3%81%ae%e3%82%b3%e3%83%bc%e3%82%b9%e3%83%bb%e3%83%a1%e3%83%8b%e3%83%a5%e3%83%bc%e7%ae%a1%e7%90%86%e3%82%92%e4%ba%88%e7%b4%84%e3%82%b7%e3%82%b9%e3%83%86%e3%83%a0%e3%81%a7/","@media(min-width:700px){","整体院のWeb予約では、単に空いている日時を表示するだけでは十分ではありません。この記事では「整体院のコース・メニュー管理を予約システムで効率化する方法」について、現場で実践しやすい考え方と設定のポイントを分かりやすく解説します。"
"3971","初回90分・通常60分など整体院のコース別施術時間を管理する方法","https://hairsp1.tocoluca.com/2026/08/28/%e5%88%9d%e5%9b%9e90%e5%88%86%e3%83%bb%e9%80%9a%e5%b8%b860%e5%88%86%e3%81%aa%e3%81%a9%e6%95%b4%e4%bd%93%e9%99%a2%e3%81%ae%e3%82%b3%e3%83%bc%e3%82%b9%e5%88%a5%e6%96%bd%e8%a1%93%e6%99%82%e9%96%93/","@media(min-width:700px){","例えば、初回来店は確認時間などを含めて90分、2回目以降は通常60分というように予約時間が異なることがあります。この記事では「初回90分・通常60分など整体院のコース別施術時間を管理する方法」について、現場で実践しやすい考え方と設定のポイントを分かりやすく解説します。"
"3967","整体院の予約枠はどう作る？施術時間に合わせた設定方法","https://hairsp1.tocoluca.com/2026/08/28/%e6%95%b4%e4%bd%93%e9%99%a2%e3%81%ae%e4%ba%88%e7%b4%84%e6%9e%a0%e3%81%af%e3%81%a9%e3%81%86%e4%bd%9c%e3%82%8b%ef%bc%9f%e6%96%bd%e8%a1%93%e6%99%82%e9%96%93%e3%81%ab%e5%90%88%e3%82%8f%e3%81%9b%e3%81%9f/","@media(min-width:700px){","整体院でWeb予約を始めるとき、意外と迷いやすいのが「予約枠を何分刻みにするか」です。この記事では「整体院の予約枠はどう作る？施術時間に合わせた設定方法」について、現場で実践しやすい考え方と設定のポイントを分かりやすく解説します。"
"3963","整体院の二重予約を防ぐには？予約ミスの原因と5つの対策","https://hairsp1.tocoluca.com/2026/08/27/%e6%95%b4%e4%bd%93%e9%99%a2%e3%81%ae%e4%ba%8c%e9%87%8d%e4%ba%88%e7%b4%84%e3%82%92%e9%98%b2%e3%81%90%e3%81%ab%e3%81%af%ef%bc%9f%e4%ba%88%e7%b4%84%e3%83%9f%e3%82%b9%e3%81%ae%e5%8e%9f%e5%9b%a0%e3%81%a85/","@media(min-width:700px){","整体院の予約管理でできるだけ避けたいのが同じ時間に複数のお客様を入れてしまう二重予約です。この記事では「整体院の二重予約を防ぐには？予約ミスの原因と5つの対策」について、現場で実践しやすい考え方と設定のポイントを分かりやすく解説します。"
"3960","整体院の電話予約を減らすには？施術中の対応を減らす方法","https://hairsp1.tocoluca.com/2026/08/27/%e6%95%b4%e4%bd%93%e9%99%a2%e3%81%ae%e9%9b%bb%e8%a9%b1%e4%ba%88%e7%b4%84%e3%82%92%e6%b8%9b%e3%82%89%e3%81%99%e3%81%ab%e3%81%af%ef%bc%9f%e6%96%bd%e8%a1%93%e4%b8%ad%e3%81%ae%e5%af%be%e5%bf%9c%e3%82%92/","@media(min-width:700px){","受付スタッフがいない一人整体院では、電話へ出るのも折り返すのも施術者自身です。この記事では「整体院の電話予約を減らすには？施術中の対応を減らす方法」について、現場で実践しやすい考え方と設定のポイントを分かりやすく解説します。"
"3957","整体院の予約受付にLINEを使っている方も多いでしょう。","https://hairsp1.tocoluca.com/2026/08/27/%e6%95%b4%e4%bd%93%e9%99%a2%e3%81%ae%e4%ba%88%e7%b4%84%e5%8f%97%e4%bb%98%e3%81%abline%e3%82%92%e4%bd%bf%e3%81%a3%e3%81%a6%e3%81%84%e3%82%8b%e6%96%b9%e3%82%82%e5%a4%9a%e3%81%84%e3%81%a7%e3%81%97/","@media(min-width:700px){","一方で、予約日時まですべてLINEのやり取りだけで決めていると、空き時間を確認して返信する作業が毎回発生します。この記事では「整体院の予約受付にLINEを使っている方も多いでしょう。」について、現場で実践しやすい考え方と設定のポイントを分かりやすく解説します。"
"3953","一人整体院の予約管理をラクにする方法｜電話・LINE・紙台帳を減らす","https://hairsp1.tocoluca.com/2026/08/27/%e4%b8%80%e4%ba%ba%e6%95%b4%e4%bd%93%e9%99%a2%e3%81%ae%e4%ba%88%e7%b4%84%e7%ae%a1%e7%90%86%e3%82%92%e3%83%a9%e3%82%af%e3%81%ab%e3%81%99%e3%82%8b%e6%96%b9%e6%b3%95%ef%bd%9c%e9%9b%bb%e8%a9%b1%e3%83%bbli/","@media(min-width:700px){","予約受付、電話対応、LINE返信、会計、掃除、営業時間の調整など、多くの業務を一人で行います。この記事では「一人整体院の予約管理をラクにする方法｜電話・LINE・紙台帳を減らす」について、現場で実践しやすい考え方と設定のポイントを分かりやすく解説します。"
"3949","整体院に予約システムは必要？電話・LINE予約を減らす方法","https://hairsp1.tocoluca.com/2026/08/27/%e6%95%b4%e4%bd%93%e9%99%a2%e3%81%ab%e4%ba%88%e7%b4%84%e3%82%b7%e3%82%b9%e3%83%86%e3%83%a0%e3%81%af%e5%bf%85%e8%a6%81%ef%bc%9f%e9%9b%bb%e8%a9%b1%e3%83%bbline%e4%ba%88%e7%b4%84%e3%82%92%e6%b8%9b/","@media(min-width:700px){","一人・小規模の整体院では、施術者自身が予約受付まで担当しているケースがあります。この記事では「整体院に予約システムは必要？電話・LINE予約を減らす方法」について、現場で実践しやすい考え方と設定のポイントを分かりやすく解説します。"
"3946","リラクゼーションサロン向け予約システムの選び方7選｜一人・小規模サロン向けに解説","https://hairsp1.tocoluca.com/2026/08/27/%e3%83%aa%e3%83%a9%e3%82%af%e3%82%bc%e3%83%bc%e3%82%b7%e3%83%a7%e3%83%b3%e3%82%b5%e3%83%ad%e3%83%b3%e5%90%91%e3%81%91%e4%ba%88%e7%b4%84%e3%82%b7%e3%82%b9%e3%83%86%e3%83%a0%e3%81%ae%e9%81%b8%e3%81%b3/","@media(min-width:700px){","リラクゼーションサロンへ予約システムを導入したいと思っても、種類が多く「何を基準に選べばよいか分からない」という方もいるでしょう。この記事では「リラクゼーションサロン向け予約システムの選び方7選｜一人・小規模サロン向けに解説」について、現場で実践しやすい考え方と設定のポイントを分かりやすく解説します。"
"3942","リラクゼーションサロンの予約システムはいくら？料金・費用を比較する7つのポイント","https://hairsp1.tocoluca.com/2026/08/27/%e3%83%aa%e3%83%a9%e3%82%af%e3%82%bc%e3%83%bc%e3%82%b7%e3%83%a7%e3%83%b3%e3%82%b5%e3%83%ad%e3%83%b3%e3%81%ae%e4%ba%88%e7%b4%84%e3%82%b7%e3%82%b9%e3%83%86%e3%83%a0%e3%81%af%e3%81%84%e3%81%8f%e3%82%89/","@media(min-width:700px){","リラクゼーションサロンへ予約システムを導入しようとすると、最初に気になるのが料金ではないでしょうか。この記事では「リラクゼーションサロンの予約システムはいくら？料金・費用を比較する7つのポイント」について、現場で実践しやすい考え方と設定のポイントを分かりやすく解説します。"
"3939","リラクゼーションサロンの予約をスマホで管理するメリット｜一人サロンにもおすすめ","https://hairsp1.tocoluca.com/2026/08/27/%e3%83%aa%e3%83%a9%e3%82%af%e3%82%bc%e3%83%bc%e3%82%b7%e3%83%a7%e3%83%b3%e3%82%b5%e3%83%ad%e3%83%b3%e3%81%ae%e4%ba%88%e7%b4%84%e3%82%92%e3%82%b9%e3%83%9e%e3%83%9b%e3%81%a7%e7%ae%a1%e7%90%86%e3%81%99/","@media(min-width:700px){","紙の予約台帳を使っていると、予約を確認するために台帳がある場所まで戻らなければならないことがあります。この記事では「リラクゼーションサロンの予約をスマホで管理するメリット｜一人サロンにもおすすめ」について、現場で実践しやすい考え方と設定のポイントを分かりやすく解説します。"
"3934","リラクゼーションサロンの外部予約サイト依存を見直す｜自社予約ページを持つメリット","https://hairsp1.tocoluca.com/2026/08/27/%e3%83%aa%e3%83%a9%e3%82%af%e3%82%bc%e3%83%bc%e3%82%b7%e3%83%a7%e3%83%b3%e3%82%b5%e3%83%ad%e3%83%b3%e3%81%ae%e5%a4%96%e9%83%a8%e4%ba%88%e7%b4%84%e3%82%b5%e3%82%a4%e3%83%88%e4%be%9d%e5%ad%98%e3%82%92/","@media(min-width:700px){","外部の予約サイトは、新しいお客様に店舗を見つけてもらう入口として便利です。この記事では「リラクゼーションサロンの外部予約サイト依存を見直す｜自社予約ページを持つメリット」について、現場で実践しやすい考え方と設定のポイントを分かりやすく解説します。"
"3930","リラクゼーションサロンのLINE・電話・Web予約を一本化する方法｜予約窓口を整理して管理をラクに","https://hairsp1.tocoluca.com/2026/08/27/%e3%83%aa%e3%83%a9%e3%82%af%e3%82%bc%e3%83%bc%e3%82%b7%e3%83%a7%e3%83%b3%e3%82%b5%e3%83%ad%e3%83%b3%e3%81%aeline%e3%83%bb%e9%9b%bb%e8%a9%b1%e3%83%bbweb%e4%ba%88%e7%b4%84%e3%82%92%e4%b8%80%e6%9c%ac/","@media(min-width:700px){","問題なのは、入口が複数あることではなく、予約情報まで複数の場所へ分かれてしまうことです。この記事では「リラクゼーションサロンのLINE・電話・Web予約を一本化する方法｜予約窓口を整理して管理をラクに」について、現場で実践しやすい考え方と設定のポイントを分かりやすく解説します。"
"3927","紙の予約台帳をやめたいリラクゼーションサロンへ｜Web予約へ移行する方法","https://hairsp1.tocoluca.com/2026/08/27/%e7%b4%99%e3%81%ae%e4%ba%88%e7%b4%84%e5%8f%b0%e5%b8%b3%e3%82%92%e3%82%84%e3%82%81%e3%81%9f%e3%81%84%e3%83%aa%e3%83%a9%e3%82%af%e3%82%bc%e3%83%bc%e3%82%b7%e3%83%a7%e3%83%b3%e3%82%b5%e3%83%ad%e3%83%b3/","@media(min-width:700px){","「ずっと紙の予約台帳を使ってきたけれど、そろそろWeb予約にしたい」。この記事では「紙の予約台帳をやめたいリラクゼーションサロンへ｜Web予約へ移行する方法」について、現場で実践しやすい考え方と設定のポイントを分かりやすく解説します。"
"3924","リラクゼーションサロンの顧客管理を効率化｜来店回数・最終来店日を予約と一緒に管理","https://hairsp1.tocoluca.com/2026/08/27/%e3%83%aa%e3%83%a9%e3%82%af%e3%82%bc%e3%83%bc%e3%82%b7%e3%83%a7%e3%83%b3%e3%82%b5%e3%83%ad%e3%83%b3%e3%81%ae%e9%a1%a7%e5%ae%a2%e7%ae%a1%e7%90%86%e3%82%92%e5%8a%b9%e7%8e%87%e5%8c%96%ef%bd%9c%e6%9d%a5/","@media(min-width:700px){","リラクゼーションサロンでは、予約を取るだけでなくお客様との来店履歴を把握することも重要です。この記事では「リラクゼーションサロンの顧客管理を効率化｜来店回数・最終来店日を予約と一緒に管理」について、現場で実践しやすい考え方と設定のポイントを分かりやすく解説します。"
"3920","リラクゼーションサロンの予約変更・キャンセル対応をラクにする予約管理方法","https://hairsp1.tocoluca.com/2026/08/27/%e3%83%aa%e3%83%a9%e3%82%af%e3%82%bc%e3%83%bc%e3%82%b7%e3%83%a7%e3%83%b3%e3%82%b5%e3%83%ad%e3%83%b3%e3%81%ae%e4%ba%88%e7%b4%84%e5%a4%89%e6%9b%b4%e3%83%bb%e3%82%ad%e3%83%a3%e3%83%b3%e3%82%bb%e3%83%ab/","@media(min-width:700px){","予約を受けたあとに、「時間を変更したい」「別の日に変えたい」「今日は行けなくなった」という連絡が入ることがあります。この記事では「リラクゼーションサロンの予約変更・キャンセル対応をラクにする予約管理方法」について、現場で実践しやすい考え方と設定のポイントを分かりやすく解説します。"
"3912","リラクゼーションサロンの定休日・営業時間・臨時休業を予約へ正しく反映する方法","https://hairsp1.tocoluca.com/2026/08/27/%e3%83%aa%e3%83%a9%e3%82%af%e3%82%bc%e3%83%bc%e3%82%b7%e3%83%a7%e3%83%b3%e3%82%b5%e3%83%ad%e3%83%b3%e3%81%ae%e5%ae%9a%e4%bc%91%e6%97%a5%e3%83%bb%e5%96%b6%e6%a5%ad%e6%99%82%e9%96%93%e3%83%bb%e8%87%a8/","@media(min-width:700px){","Web予約を導入するときに、メニューやスタッフだけでなく必ず整理しておきたいのが店舗の営業日と営業時間です。この記事では「リラクゼーションサロンの定休日・営業時間・臨時休業を予約へ正しく反映する方法」について、現場で実践しやすい考え方と設定のポイントを分かりやすく解説します。"
"3909","リラクゼーションサロンのシフト・休暇と予約を一元管理する方法","https://hairsp1.tocoluca.com/2026/08/26/%e3%83%aa%e3%83%a9%e3%82%af%e3%82%bc%e3%83%bc%e3%82%b7%e3%83%a7%e3%83%b3%e3%82%b5%e3%83%ad%e3%83%b3%e3%81%ae%e3%82%b7%e3%83%95%e3%83%88%e3%83%bb%e4%bc%91%e6%9a%87%e3%81%a8%e4%ba%88%e7%b4%84%e3%82%92/","@media(min-width:700px){","複数のセラピストが働くリラクゼーションサロンでは、予約だけ管理しても十分ではありません。この記事では「リラクゼーションサロンのシフト・休暇と予約を一元管理する方法」について、現場で実践しやすい考え方と設定のポイントを分かりやすく解説します。"
"3901","セラピスト指名予約をWeb化するメリット","https://hairsp1.tocoluca.com/2026/08/26/%e3%82%bb%e3%83%a9%e3%83%94%e3%82%b9%e3%83%88%e6%8c%87%e5%90%8d%e4%ba%88%e7%b4%84%e3%82%92web%e5%8c%96%e3%81%99%e3%82%8b%e3%83%a1%e3%83%aa%e3%83%83%e3%83%88/","@media(min-width:700px){","リラクゼーションサロンでは、施術内容だけでなく担当セラピストを指名して予約するお客様もいます。この記事では「セラピスト指名予約をWeb化するメリット」について、現場で実践しやすい考え方と設定のポイントを分かりやすく解説します。"
"3897","もみほぐし＋足つぼなど複数メニュー予約をWeb化する方法","https://hairsp1.tocoluca.com/2026/08/26/%e3%82%82%e3%81%bf%e3%81%bb%e3%81%90%e3%81%97%ef%bc%8b%e8%b6%b3%e3%81%a4%e3%81%bc%e3%81%aa%e3%81%a9%e8%a4%87%e6%95%b0%e3%83%a1%e3%83%8b%e3%83%a5%e3%83%bc%e4%ba%88%e7%b4%84%e3%82%92web%e5%8c%96/","@media(min-width:700px){","リラクゼーションサロンでは、一つのメニューだけではなく、複数の施術を組み合わせて予約するお客様もいます。この記事では「もみほぐし＋足つぼなど複数メニュー予約をWeb化する方法」について、現場で実践しやすい考え方と設定のポイントを分かりやすく解説します。"
"3894","60分・90分・120分の予約枠はどう作る？リラクゼーションサロンの施術時間設定方法","https://hairsp1.tocoluca.com/2026/08/26/60%e5%88%86%e3%83%bb90%e5%88%86%e3%83%bb120%e5%88%86%e3%81%ae%e4%ba%88%e7%b4%84%e6%9e%a0%e3%81%af%e3%81%a9%e3%81%86%e4%bd%9c%e3%82%8b%ef%bc%9f%e3%83%aa%e3%83%a9%e3%82%af%e3%82%bc%e3%83%bc%e3%82%b7/","@media(min-width:700px){","リラクゼーションサロンでは、30分、60分、90分、120分など複数の施術コースを用意することがあります。この記事では「60分・90分・120分の予約枠はどう作る？リラクゼーションサロンの施術時間設定方法」について、現場で実践しやすい考え方と設定のポイントを分かりやすく解説します。"
"3890","リラクゼーションサロンの二重予約を防ぐ5つの対策","https://hairsp1.tocoluca.com/2026/08/26/%e3%83%aa%e3%83%a9%e3%82%af%e3%82%bc%e3%83%bc%e3%82%b7%e3%83%a7%e3%83%b3%e3%82%b5%e3%83%ad%e3%83%b3%e3%81%ae%e4%ba%8c%e9%87%8d%e4%ba%88%e7%b4%84%e3%82%92%e9%98%b2%e3%81%905%e3%81%a4%e3%81%ae%e5%af%be/","@media(min-width:700px){","リラクゼーションサロンで最も避けたい予約トラブルの一つが二重予約です。この記事では「リラクゼーションサロンの二重予約を防ぐ5つの対策」について、現場で実践しやすい考え方と設定のポイントを分かりやすく解説します。"
"3887","施術中の電話予約を減らすには？リラクゼーションサロンのWeb予約活用法","https://hairsp1.tocoluca.com/2026/08/26/%e6%96%bd%e8%a1%93%e4%b8%ad%e3%81%ae%e9%9b%bb%e8%a9%b1%e4%ba%88%e7%b4%84%e3%82%92%e6%b8%9b%e3%82%89%e3%81%99%e3%81%ab%e3%81%af%ef%bc%9f%e3%83%aa%e3%83%a9%e3%82%af%e3%82%bc%e3%83%bc%e3%82%b7%e3%83%a7/","@media(min-width:700px){","もみほぐしや足つぼなどの施術中に、予約電話が鳴って困った経験はありませんか？この記事では「施術中の電話予約を減らすには？リラクゼーションサロンのWeb予約活用法」について、現場で実践しやすい考え方と設定のポイントを分かりやすく解説します。"
"3883","リラクゼーションサロンのLINE予約だけで大丈夫？","https://hairsp1.tocoluca.com/2026/08/26/%e3%83%aa%e3%83%a9%e3%82%af%e3%82%bc%e3%83%bc%e3%82%b7%e3%83%a7%e3%83%b3%e3%82%b5%e3%83%ad%e3%83%b3%e3%81%aeline%e4%ba%88%e7%b4%84%e3%81%a0%e3%81%91%e3%81%a7%e5%a4%a7%e4%b8%88%e5%a4%ab%ef%bc%9f/","padding:8px;","LINEは、リラクゼーションサロンとお客様をつなぐ便利な連絡手段です。この記事では「リラクゼーションサロンのLINE予約だけで大丈夫？」について、現場で実践しやすい考え方と設定のポイントを分かりやすく解説します。"
"3879","一人リラクゼーションサロンの予約管理をラクにする方法","https://hairsp1.tocoluca.com/2026/08/26/%e4%b8%80%e4%ba%ba%e3%83%aa%e3%83%a9%e3%82%af%e3%82%bc%e3%83%bc%e3%82%b7%e3%83%a7%e3%83%b3%e3%82%b5%e3%83%ad%e3%83%b3%e3%81%ae%e4%ba%88%e7%b4%84%e7%ae%a1%e7%90%86%e3%82%92%e3%83%a9%e3%82%af%e3%81%ab/","padding:8px;","一人でリラクゼーションサロンを営業していると、施術だけに集中していればよいわけではありません。この記事では「一人リラクゼーションサロンの予約管理をラクにする方法」について、現場で実践しやすい考え方と設定のポイントを分かりやすく解説します。"
"3876","リラクゼーションサロンに予約システムは必要？","https://hairsp1.tocoluca.com/2026/08/26/%e3%83%aa%e3%83%a9%e3%82%af%e3%82%bc%e3%83%bc%e3%82%b7%e3%83%a7%e3%83%b3%e3%82%b5%e3%83%ad%e3%83%b3%e3%81%ab%e4%ba%88%e7%b4%84%e3%82%b7%e3%82%b9%e3%83%86%e3%83%a0%e3%81%af%e5%bf%85%e8%a6%81%ef%bc%9f/","padding:8px;","もみほぐしやリラクゼーションの施術中に電話が鳴り、お客様へひとこと断って予約対応をしていませんか？この記事では「リラクゼーションサロンに予約システムは必要？」について、現場で実践しやすい考え方と設定のポイントを分かりやすく解説します。"
"3870","美容室の予約システムはいくらかかる？","https://hairsp1.tocoluca.com/2026/08/25/%e7%be%8e%e5%ae%b9%e5%ae%a4%e3%81%ae%e4%ba%88%e7%b4%84%e3%82%b7%e3%82%b9%e3%83%86%e3%83%a0%e3%81%af%e3%81%84%e3%81%8f%e3%82%89%e3%81%8b%e3%81%8b%e3%82%8b%ef%bc%9f/",".tl-luxury{","美容室へ予約システムを導入するとき、気になるのが「毎月いくらかかるのか」ではないでしょうか。この記事では「美容室の予約システムはいくらかかる？」について、現場で実践しやすい考え方と設定のポイントを分かりやすく解説します。"
"3866","美容室の予約管理はスマホだけでもできる？","https://hairsp1.tocoluca.com/2026/08/25/%e7%be%8e%e5%ae%b9%e5%ae%a4%e3%81%ae%e4%ba%88%e7%b4%84%e7%ae%a1%e7%90%86%e3%81%af%e3%82%b9%e3%83%9e%e3%83%9b%e3%81%a0%e3%81%91%e3%81%a7%e3%82%82%e3%81%a7%e3%81%8d%e3%82%8b%ef%bc%9f/",".tl-luxury{","一人美容室や少人数サロンでは、受付専用のパソコンの前にずっと座っているわけではありません。この記事では「美容室の予約管理はスマホだけでもできる？」について、現場で実践しやすい考え方と設定のポイントを分かりやすく解説します。"
"3863","美容室の指名予約をWeb化するには？","https://hairsp1.tocoluca.com/2026/08/25/%e7%be%8e%e5%ae%b9%e5%ae%a4%e3%81%ae%e6%8c%87%e5%90%8d%e4%ba%88%e7%b4%84%e3%82%92web%e5%8c%96%e3%81%99%e3%82%8b%e3%81%ab%e3%81%af%ef%bc%9f/",".tl-luxury{","美容室では、「いつ空いているか」だけでなく「誰に担当してもらうか」も重要です。この記事では「美容室の指名予約をWeb化するには？」について、現場で実践しやすい考え方と設定のポイントを分かりやすく解説します。"
"3859","美容室の予約窓口を一本化するには？","https://hairsp1.tocoluca.com/2026/08/25/%e7%be%8e%e5%ae%b9%e5%ae%a4%e3%81%ae%e4%ba%88%e7%b4%84%e7%aa%93%e5%8f%a3%e3%82%92%e4%b8%80%e6%9c%ac%e5%8c%96%e3%81%99%e3%82%8b%e3%81%ab%e3%81%af%ef%bc%9f/",".tl-luxury{","美容室の予約が、電話、LINE、ホームページ、Web予約などいくつもの場所から入っていませんか？この記事では「美容室の予約窓口を一本化するには？」について、現場で実践しやすい考え方と設定のポイントを分かりやすく解説します。"
"3856","美容室の紙の予約台帳をやめたい方へ","https://hairsp1.tocoluca.com/2026/08/25/%e7%be%8e%e5%ae%b9%e5%ae%a4%e3%81%ae%e7%b4%99%e3%81%ae%e4%ba%88%e7%b4%84%e5%8f%b0%e5%b8%b3%e3%82%92%e3%82%84%e3%82%81%e3%81%9f%e3%81%84%e6%96%b9%e3%81%b8/",".tl-luxury{","紙はすぐ書けて、長年使い慣れているという大きなメリットがあります。この記事では「美容室の紙の予約台帳をやめたい方へ」について、現場で実践しやすい考え方と設定のポイントを分かりやすく解説します。"
"3852","美容室の電話予約を減らすには？","https://hairsp1.tocoluca.com/2026/08/25/%e7%be%8e%e5%ae%b9%e5%ae%a4%e3%81%ae%e9%9b%bb%e8%a9%b1%e4%ba%88%e7%b4%84%e3%82%92%e6%b8%9b%e3%82%89%e3%81%99%e3%81%ab%e3%81%af%ef%bc%9f-2/",".tl-luxury{","電話に出ると、希望日を聞き、予約表を確認し、メニューを聞き、別の日を提案することもあります。この記事では「美容室の電話予約を減らすには？」について、現場で実践しやすい考え方と設定のポイントを分かりやすく解説します。"
"3849","美容室の複数メニュー予約を分かりやすくする方法","https://hairsp1.tocoluca.com/2026/08/25/%e7%be%8e%e5%ae%b9%e5%ae%a4%e3%81%ae%e8%a4%87%e6%95%b0%e3%83%a1%e3%83%8b%e3%83%a5%e3%83%bc%e4%ba%88%e7%b4%84%e3%82%92%e5%88%86%e3%81%8b%e3%82%8a%e3%82%84%e3%81%99%e3%81%8f%e3%81%99%e3%82%8b%e6%96%b9/",".tl-luxury{","「カット＋カラー」「カット＋トリートメント」「カット＋パーマ」など、複数のメニューを組み合わせて予約することも多くあります。この記事では「美容室の複数メニュー予約を分かりやすくする方法」について、現場で実践しやすい考え方と設定のポイントを分かりやすく解説します。"
"3845","美容室の顧客管理を予約システムで効率化","https://hairsp1.tocoluca.com/2026/08/25/%e7%be%8e%e5%ae%b9%e5%ae%a4%e3%81%ae%e9%a1%a7%e5%ae%a2%e7%ae%a1%e7%90%86%e3%82%92%e4%ba%88%e7%b4%84%e3%82%b7%e3%82%b9%e3%83%86%e3%83%a0%e3%81%a7%e5%8a%b9%e7%8e%87%e5%8c%96/",".tl-luxury{","美容室にとって、予約管理と同じくらい大切なのがお客様の情報を分かりやすく管理することです。この記事では「美容室の顧客管理を予約システムで効率化」について、現場で実践しやすい考え方と設定のポイントを分かりやすく解説します。"
"3841","美容室の定休日・営業時間を予約システムで管理する方法","https://hairsp1.tocoluca.com/2026/08/25/%e7%be%8e%e5%ae%b9%e5%ae%a4%e3%81%ae%e5%ae%9a%e4%bc%91%e6%97%a5%e3%83%bb%e5%96%b6%e6%a5%ad%e6%99%82%e9%96%93%e3%82%92%e4%ba%88%e7%b4%84%e3%82%b7%e3%82%b9%e3%83%86%e3%83%a0%e3%81%a7%e7%ae%a1%e7%90%86/",".tl-luxury{","美容室のWeb予約では、予約枠だけでなく営業日・営業時間・休業日を正しく設定することが重要です。この記事では「美容室の定休日・営業時間を予約システムで管理する方法」について、現場で実践しやすい考え方と設定のポイントを分かりやすく解説します。"
"3837","美容室の予約は何日前から何時間前まで受け付ける？","https://hairsp1.tocoluca.com/2026/08/25/%e7%be%8e%e5%ae%b9%e5%ae%a4%e3%81%ae%e4%ba%88%e7%b4%84%e3%81%af%e4%bd%95%e6%97%a5%e5%89%8d%e3%81%8b%e3%82%89%e4%bd%95%e6%99%82%e9%96%93%e5%89%8d%e3%81%be%e3%81%a7%e5%8f%97%e3%81%91%e4%bb%98%e3%81%91/",".tl-luxury{","Web予約を導入すると、お客様は好きな時間に美容室の空き状況を確認できるようになります。この記事では「美容室の予約は何日前から何時間前まで受け付ける？」について、現場で実践しやすい考え方と設定のポイントを分かりやすく解説します。"
"3833","美容室の予約枠はどう作る？","https://hairsp1.tocoluca.com/2026/08/25/%e7%be%8e%e5%ae%b9%e5%ae%a4%e3%81%ae%e4%ba%88%e7%b4%84%e6%9e%a0%e3%81%af%e3%81%a9%e3%81%86%e4%bd%9c%e3%82%8b%ef%bc%9f/",".tl-luxury{","美容室の予約管理では、単純に「10時、11時、12時」と時間を区切ればよいわけではありません。この記事では「美容室の予約枠はどう作る？」について、現場で実践しやすい考え方と設定のポイントを分かりやすく解説します。"
"3828","美容室のスタッフ別予約管理を効率化する方法","https://hairsp1.tocoluca.com/2026/08/25/%e7%be%8e%e5%ae%b9%e5%ae%a4%e3%81%ae%e3%82%b9%e3%82%bf%e3%83%83%e3%83%95%e5%88%a5%e4%ba%88%e7%b4%84%e7%ae%a1%e7%90%86%e3%82%92%e5%8a%b9%e7%8e%87%e5%8c%96%e3%81%99%e3%82%8b%e6%96%b9%e6%b3%95/",".tl-luxury{","スタッフが2人、3人と増えてくると、美容室の予約管理は一気に複雑になります。この記事では「美容室のスタッフ別予約管理を効率化する方法」について、現場で実践しやすい考え方と設定のポイントを分かりやすく解説します。"
"3824","美容室の予約変更・キャンセル対応をラクにする方法","https://hairsp1.tocoluca.com/2026/08/21/%e7%be%8e%e5%ae%b9%e5%ae%a4%e3%81%ae%e4%ba%88%e7%b4%84%e5%a4%89%e6%9b%b4%e3%83%bb%e3%82%ad%e3%83%a3%e3%83%b3%e3%82%bb%e3%83%ab%e5%af%be%e5%bf%9c%e3%82%92%e3%83%a9%e3%82%af%e3%81%ab%e3%81%99%e3%82%8b/",".tl-luxury{","美容室を運営していると、予約変更やキャンセルはどうしても発生します。この記事では「美容室の予約変更・キャンセル対応をラクにする方法」について、現場で実践しやすい考え方と設定のポイントを分かりやすく解説します。"
"3821","美容室は24時間Web予約に対応すべき？営業時間外の予約を逃さない方法","https://hairsp1.tocoluca.com/2026/08/21/%e7%be%8e%e5%ae%b9%e5%ae%a4%e3%81%af24%e6%99%82%e9%96%93web%e4%ba%88%e7%b4%84%e3%81%ab%e5%af%be%e5%bf%9c%e3%81%99%e3%81%b9%e3%81%8d%ef%bc%9f%e5%96%b6%e6%a5%ad%e6%99%82%e9%96%93%e5%a4%96%e3%81%ae/",".tl-luxury{","仕事から帰った夜、家族の予定を確認したあと、朝の通勤途中など、お客様が美容室を予約したくなるタイミングはさまざまです。この記事では「美容室は24時間Web予約に対応すべき？営業時間外の予約を逃さない方法」について、現場で実践しやすい考え方と設定のポイントを分かりやすく解説します。"
"3816","美容室の予約サイト依存を見直すには？自社予約ページを持つメリット","https://hairsp1.tocoluca.com/2026/08/21/%e7%be%8e%e5%ae%b9%e5%ae%a4%e3%81%ae%e4%ba%88%e7%b4%84%e3%82%b5%e3%82%a4%e3%83%88%e4%be%9d%e5%ad%98%e3%82%92%e8%a6%8b%e7%9b%b4%e3%81%99%e3%81%ab%e3%81%af%ef%bc%9f%e8%87%aa%e7%a4%be%e4%ba%88%e7%b4%84/",".tl-luxury{","新しいお客様に自店を知ってもらう入口として、予約サイトは便利な存在です。この記事では「美容室の予約サイト依存を見直すには？自社予約ページを持つメリット」について、現場で実践しやすい考え方と設定のポイントを分かりやすく解説します。"
"3812","","https://hairsp1.tocoluca.com/2026/08/21/3812/",".tl-luxury{","LINEは、美容室とお客様をつなぐとても便利なコミュニケーションツールです。この記事では「」について、現場で実践しやすい考え方と設定のポイントを分かりやすく解説します。"
"3808","一人美容室に予約システムは必要？電話・LINE対応を減らす方法を解説","https://hairsp1.tocoluca.com/2026/08/21/%e4%b8%80%e4%ba%ba%e7%be%8e%e5%ae%b9%e5%ae%a4%e3%81%ab%e4%ba%88%e7%b4%84%e3%82%b7%e3%82%b9%e3%83%86%e3%83%a0%e3%81%af%e5%bf%85%e8%a6%81%ef%bc%9f%e9%9b%bb%e8%a9%b1%e3%83%bbline%e5%af%be%e5%bf%9c/",".tl-article{","一人で美容室を経営していると、施術だけでなく、予約受付、電話対応、LINE返信、会計、清掃、集客まですべて自分で行う必要があります。この記事では「一人美容室に予約システムは必要？電話・LINE対応を減らす方法を解説」について、現場で実践しやすい考え方と設定のポイントを分かりやすく解説します。"
"3805","美容室の予約システムを乗り換えるなら？失敗しない5つの確認ポイント","https://hairsp1.tocoluca.com/2026/08/21/%e7%be%8e%e5%ae%b9%e5%ae%a4%e3%81%ae%e4%ba%88%e7%b4%84%e3%82%b7%e3%82%b9%e3%83%86%e3%83%a0%e3%82%92%e4%b9%97%e3%82%8a%e6%8f%9b%e3%81%88%e3%82%8b%e3%81%aa%e3%82%89%ef%bc%9f%e5%a4%b1%e6%95%97%e3%81%97/",".tl-article{","「Web予約を使っているのに、LINEや電話の予約を別で管理している」。この記事では「美容室の予約システムを乗り換えるなら？失敗しない5つの確認ポイント」について、現場で実践しやすい考え方と設定のポイントを分かりやすく解説します。"
"3781","美容室の予約システム導入前に。無料相談で確認したい10項目","https://hairsp1.tocoluca.com/2026/08/20/%e7%be%8e%e5%ae%b9%e5%ae%a4%e3%81%ae%e4%ba%88%e7%b4%84%e3%82%b7%e3%82%b9%e3%83%86%e3%83%a0%e5%b0%8e%e5%85%a5%e5%89%8d%e3%81%ab%e3%80%82%e7%84%a1%e6%96%99%e7%9b%b8%e8%ab%87%e3%81%a7%e7%a2%ba%e8%aa%8d/","color:#fff !important;","予約システムを検討していても、「自分のお店の場合はどう設定する？」「電話予約を残しても大丈夫？」「スタッフごとのシフトは反映できる？」など、ホームページを見るだけでは判断しにくいことがあります。そんなときは、契約する前の無料相談で現在の予約方法を整理しながら確認することが大切です。"
"3763","美容室のスタッフシフトと予約枠を連動。空いている時間を正しく案内する方法","https://hairsp1.tocoluca.com/2026/08/20/%e7%be%8e%e5%ae%b9%e5%ae%a4%e3%81%ae%e3%82%b9%e3%82%bf%e3%83%83%e3%83%95%e3%82%b7%e3%83%95%e3%83%88%e3%81%a8%e4%ba%88%e7%b4%84%e6%9e%a0%e3%82%92%e9%80%a3%e5%8b%95%e3%80%82%e7%a9%ba%e3%81%84%e3%81%a6/","color: #fff !important;","スタッフが複数いる美容室では、「予約表では空いているのに、担当スタッフが休みだった」「早番のスタッフに遅い時間の予約が入ってしまった」といった問題が起こることがあります。シフトと予約枠を連動させることで、実際に対応できるスタッフの時間だけを予約可能な時間として案内しやすくなります。"
"3760","美容室の顧客管理と予約管理をひとつに。来店履歴を次の接客へ活かす方法","https://hairsp1.tocoluca.com/2026/08/19/%e7%be%8e%e5%ae%b9%e5%ae%a4%e3%81%ae%e9%a1%a7%e5%ae%a2%e7%ae%a1%e7%90%86%e3%81%a8%e4%ba%88%e7%b4%84%e7%ae%a1%e7%90%86%e3%82%92%e3%81%b2%e3%81%a8%e3%81%a4%e3%81%ab%e3%80%82%e6%9d%a5%e5%ba%97%e5%b1%a5/","color: #fff !important;","「このお客様は前回いつ来店した？」「担当は誰だった？」「最近どのくらい来店している？」予約表と顧客情報が別々になっていると、必要な情報を探すだけでも手間がかかります。予約と顧客情報をまとめて管理することで、日々の予約確認だけでなく、お客様との関係づくりにも活かしやすくなります。"
"3756","営業時間外の「予約したい」を逃さない。美容室のWeb予約活用法","https://hairsp1.tocoluca.com/2026/08/19/%e5%96%b6%e6%a5%ad%e6%99%82%e9%96%93%e5%a4%96%e3%81%ae%e3%80%8c%e4%ba%88%e7%b4%84%e3%81%97%e3%81%9f%e3%81%84%e3%80%8d%e3%82%92%e9%80%83%e3%81%95%e3%81%aa%e3%81%84%e3%80%82%e7%be%8e%e5%ae%b9%e5%ae%a4/","color: #fff !important;","お客様が美容室を予約したいと思うのは、必ずしも営業時間内ではありません。仕事が終わった夜、朝の通勤時間、休日に予定を確認しているとき。その瞬間に予約できなければ、「明日電話しよう」と思ったまま別の美容室を探してしまう可能性もあります。Web予約なら、営業時間外でも予約の入口を開いておくことがで。"
"3744","美容室の予約システム導入で失敗しないために。契約前に確認したいチェックポイント","https://hairsp1.tocoluca.com/2026/08/19/%e7%be%8e%e5%ae%b9%e5%ae%a4%e3%81%ae%e4%ba%88%e7%b4%84%e3%82%b7%e3%82%b9%e3%83%86%e3%83%a0%e5%b0%8e%e5%85%a5%e3%81%a7%e5%a4%b1%e6%95%97%e3%81%97%e3%81%aa%e3%81%84%e3%81%9f%e3%82%81%e3%81%ab%e3%80%82/","color: #fff !important;","BEFORE CHOOSING A RESERVATION SYSTEM。この記事では「美容室の予約システム導入で失敗しないために。契約前に確認したいチェックポイント」について、現場で実践しやすい考え方と設定のポイントを分かりやすく解説します。"
"3734","美容室のダブルブッキングを防ぐには？予約ミスを減らす管理方法","https://hairsp1.tocoluca.com/2026/08/19/%e7%be%8e%e5%ae%b9%e5%ae%a4%e3%81%ae%e3%83%80%e3%83%96%e3%83%ab%e3%83%96%e3%83%83%e3%82%ad%e3%83%b3%e3%82%b0%e3%82%92%e9%98%b2%e3%81%90%e3%81%ab%e3%81%af%ef%bc%9f%e4%ba%88%e7%b4%84%e3%83%9f%e3%82%b9/","color: #fffdf9 !important;","電話、LINE、Web、来店時の次回予約。予約の入口が増えることは、お客様にとって便利な一方で、お店側では予約情報が分散しやすくなります。「同じ時間に2件入ってしまった」というトラブルを防ぐには、予約方法を減らすのではなく、予約情報を一つにまとめることが大切です。"
"3724","美容室の電話予約を減らすには？","https://hairsp1.tocoluca.com/2026/08/19/%e7%be%8e%e5%ae%b9%e5%ae%a4%e3%81%ae%e9%9b%bb%e8%a9%b1%e4%ba%88%e7%b4%84%e3%82%92%e6%b8%9b%e3%82%89%e3%81%99%e3%81%ab%e3%81%af%ef%bc%9f/","color: var(--brown);","カットの途中に電話が鳴る。カラーを塗っている最中に予約の空き時間を確認する。美容室では、1本の電話が施術の流れを止めてしまうことがあります。電話予約を無理になくす必要はありませんが、Web予約を選ぶお客様を少しずつ増やすことで、予約対応の負担を減らすことができます。"
"3713","","https://hairsp1.tocoluca.com/2026/08/19/3713/","color: var(--gold-dark);","電話、LINE、紙の予約台帳。予約方法が増えるほど、確認や調整にかかる時間も増えていきます。Tocolucaの予約システムなら、お客様自身が空いている日時を確認して、スマートフォンからそのまま予約できます。"
"3178","個人サロンの再来店促進とは？","https://hairsp1.tocoluca.com/2026/07/02/%e5%80%8b%e4%ba%ba%e3%82%b5%e3%83%ad%e3%83%b3%e3%81%ae%e5%86%8d%e6%9d%a5%e5%ba%97%e4%bf%83%e9%80%b2%e3%81%a8%e3%81%af%ef%bc%9f/",".article-wrap::before { display: none; }","個人サロン、一人美容室、自宅サロンが、LINEやメールを使って無理なく再来店を案内し、常連様との関係を深める方法を紹介します。この記事では「個人サロンの再来店促進とは？」について、現場で実践しやすい考え方と設定のポイントを分かりやすく解説します。"
"3174","個人サロンの予約忘れを防ぐ方法","https://hairsp1.tocoluca.com/2026/07/02/%e5%80%8b%e4%ba%ba%e3%82%b5%e3%83%ad%e3%83%b3%e3%81%ae%e4%ba%88%e7%b4%84%e5%bf%98%e3%82%8c%e3%82%92%e9%98%b2%e3%81%90%e6%96%b9%e6%b3%95/",".article-wrap::before { display: none; }","個人サロン、一人美容室、自宅サロンが、前日リマインドやLINEでの通知を使って予約忘れ・無断キャンセル・直前キャンセルを減らす方法を紹介します。この記事では「個人サロンの予約忘れを防ぐ方法」について、現場で実践しやすい考え方と設定のポイントを分かりやすく解説します。"
"3171","個人サロンの店頭QRコード活用法","https://hairsp1.tocoluca.com/2026/07/02/%e5%80%8b%e4%ba%ba%e3%82%b5%e3%83%ad%e3%83%b3%e3%81%ae%e5%ba%97%e9%a0%adqr%e3%82%b3%e3%83%bc%e3%83%89%e6%b4%bb%e7%94%a8%e6%b3%95/",".article-wrap::before { display: none; }","個人サロン、一人美容室、自宅サロンが、店頭QRコードを使って次回予約・LINE登録・予約ページへの案内を自然に行う方法を紹介します。この記事では「個人サロンの店頭QRコード活用法」について、現場で実践しやすい考え方と設定のポイントを分かりやすく解説します。"
"3168","Googleマップから個人サロンの予約につなげる方法","https://hairsp1.tocoluca.com/2026/07/02/google%e3%83%9e%e3%83%83%e3%83%97%e3%81%8b%e3%82%89%e5%80%8b%e4%ba%ba%e3%82%b5%e3%83%ad%e3%83%b3%e3%81%ae%e4%ba%88%e7%b4%84%e3%81%ab%e3%81%a4%e3%81%aa%e3%81%92%e3%82%8b%e6%96%b9%e6%b3%95/",".article-wrap::before { display: none; }","個人サロン、一人美容室、自宅サロンが、Googleマップの店舗情報から予約ページへ自然につなげるための導線づくりを紹介します。この記事では「Googleマップから個人サロンの予約につなげる方法」について、現場で実践しやすい考え方と設定のポイントを分かりやすく解説します。"
"3165","個人サロンのInstagramから予約につなげる方法","https://hairsp1.tocoluca.com/2026/07/02/%e5%80%8b%e4%ba%ba%e3%82%b5%e3%83%ad%e3%83%b3%e3%81%aeinstagram%e3%81%8b%e3%82%89%e4%ba%88%e7%b4%84%e3%81%ab%e3%81%a4%e3%81%aa%e3%81%92%e3%82%8b%e6%96%b9%e6%b3%95/",".article-wrap::before { display: none; }","個人サロン、一人美容室、自宅サロンが、Instagramの投稿やプロフィールから予約ページへ自然につなげるための導線づくりを紹介します。この記事では「個人サロンのInstagramから予約につなげる方法」について、現場で実践しやすい考え方と設定のポイントを分かりやすく解説します。"
"3160","個人サロンが予約システムを導入する前に何を決めればよいか","https://hairsp1.tocoluca.com/2026/07/01/%e5%80%8b%e4%ba%ba%e3%82%b5%e3%83%ad%e3%83%b3%e3%81%8c%e4%ba%88%e7%b4%84%e3%82%b7%e3%82%b9%e3%83%86%e3%83%a0%e3%82%92%e5%b0%8e%e5%85%a5%e3%81%99%e3%82%8b%e5%89%8d%e3%81%ab%e4%bd%95%e3%82%92%e6%b1%ba/",".article-wrap::before { display: none; }","個人サロン、一人美容室、自宅サロン、個人事業主が、予約システムを無理なく使い始めるために、先に決めておきたい内容を分かりやすく整理します。この記事では「個人サロンが予約システムを導入する前に何を決めればよいか」について、現場で実践しやすい考え方と設定のポイントを分かりやすく解説します。"
"3157","一人美容室に予約システムは必要？","https://hairsp1.tocoluca.com/2026/07/01/%e4%b8%80%e4%ba%ba%e7%be%8e%e5%ae%b9%e5%ae%a4%e3%81%ab%e4%ba%88%e7%b4%84%e3%82%b7%e3%82%b9%e3%83%86%e3%83%a0%e3%81%af%e5%bf%85%e8%a6%81%ef%bc%9f-2/",".article-wrap::before { display: none; }","電話、LINE、紙台帳だけに頼りすぎず、スマホ予約と顧客管理を整えることで、施術中の中断を減らし、お客様にも分かりやすい予約導線を作ります。この記事では「一人美容室に予約システムは必要？」について、現場で実践しやすい考え方と設定のポイントを分かりやすく解説します。"
"3147","個人サロンの予約システムは無料で足りる？","https://hairsp1.tocoluca.com/2026/06/30/%e5%80%8b%e4%ba%ba%e3%82%b5%e3%83%ad%e3%83%b3%e3%81%ae%e4%ba%88%e7%b4%84%e3%82%b7%e3%82%b9%e3%83%86%e3%83%a0%e3%81%af%e7%84%a1%e6%96%99%e3%81%a7%e8%b6%b3%e3%82%8a%e3%82%8b%ef%bc%9f/",".article-wrap::before { display: none; }","個人サロン、一人美容室、自宅サロン、個人事業主が、低コストでスマホ予約を始める時に確認したいポイントを整理します。この記事では「個人サロンの予約システムは無料で足りる？」について、現場で実践しやすい考え方と設定のポイントを分かりやすく解説します。"
"3139","サロン予約システムの選び方","https://hairsp1.tocoluca.com/2026/06/30/%e3%82%b5%e3%83%ad%e3%83%b3%e4%ba%88%e7%b4%84%e3%82%b7%e3%82%b9%e3%83%86%e3%83%a0%e3%81%ae%e9%81%b8%e3%81%b3%e6%96%b9/",".article-wrap::before { display: none; }","個人サロン、美容室、理容室、自宅サロンが、電話・LINE・紙台帳に頼りすぎず、スマホ予約と顧客管理を整えるための選び方を紹介します。この記事では「サロン予約システムの選び方」について、現場で実践しやすい考え方と設定のポイントを分かりやすく解説します。"
"366","美容室のリピート率を上げる方法｜売上を安定させるための仕組みづくり","https://hairsp1.tocoluca.com/2026/04/17/%e7%be%8e%e5%ae%b9%e5%ae%a4%e3%81%ae%e3%83%aa%e3%83%94%e3%83%bc%e3%83%88%e7%8e%87%e3%82%92%e4%b8%8a%e3%81%92%e3%82%8b%e6%96%b9%e6%b3%95%ef%bd%9c%e5%a3%b2%e4%b8%8a%e3%82%92%e5%ae%89%e5%ae%9a%e3%81%95/",".toc-article * { box-sizing: border-box; }","美容室の売上を安定させたいなら、新規集客だけでなくリピート率の改善が欠かせません。リピート率が上がると、売上が安定し、広告費依存が減り、利益も残りやすくなります。この記事では、売上を安定させるための仕組みづくりという視点から、リピート率を上げる方法をわかりやすく解説します。"
"354","美容室のリピート率を上げる方法｜新規集客に頼りすぎない安定経営のコツ","https://hairsp1.tocoluca.com/2026/04/17/%e7%be%8e%e5%ae%b9%e5%ae%a4%e3%81%ae%e3%83%aa%e3%83%94%e3%83%bc%e3%83%88%e7%8e%87%e3%82%92%e4%b8%8a%e3%81%92%e3%82%8b%e6%96%b9%e6%b3%95%ef%bd%9c%e6%96%b0%e8%a6%8f%e9%9b%86%e5%ae%a2%e3%81%ab%e9%a0%bc/",".toc-article * { box-sizing: border-box; }","美容室経営で安定した売上を作るうえで、本当に重要なのは新規集客だけではありません。むしろ、一度来店してくれたお客様にもう一度来てもらう「リピート率」の改善こそが、経営を安定させるカギです。この記事では、新規頼みから抜け出し、安定した売上につなげるための実践策をわかりやすく解説します。"
"213","googleMap活用術_Tocoluca Reservation System","https://hairsp1.tocoluca.com/2026/03/29/test/","a { color: inherit; text-decoration: none; }","お客様が近くの美容室を探す場所として、Google検索やGoogleマップはすでに大きな入口です。その店舗情報の「Web」欄に予約ページURLを設定すれば、店舗発見から予約までをシンプルにつなげられます。"
